"{""schema_version"": ""2025-12-01"", ""job_id"": ""f3e248a2-9d84-4d9d-9702-e4e47ec39dea"", ""username"": ""yungryce"", ""repo_name"": ""AirBnB_clone"", ""fingerprint"": ""e4b4eacab94767769792f14ebd59aac8"", ""queued_at"": ""2025-12-10T17:33:29.738516+00:00""}"
"{""schema_version"": ""2025-12-01"", ""job_id"": ""f3e248a2-9d84-4d9d-9702-e4e47ec39dea"", ""username"": ""yungryce"", ""repo_name"": ""AirBnB_clone_v2"", ""fingerprint"": ""73cc92c1e0e1f6b0af8470551c41fa2d"", ""queued_at"": ""2025-12-10T17:33:29.784221+00:00""}"
"{""schema_version"": ""2025-12-01"", ""job_id"": ""f3e248a2-9d84-4d9d-9702-e4e47ec39dea"", ""username"": ""yungryce"", ""repo_name"": ""AirBnB_clone_v3"", ""fingerprint"": ""a21b1a54c73278bd7d49539d6e141d57"", ""queued_at"": ""2025-12-10T17:33:29.807062+00:00""}"
"{""schema_version"": ""2025-12-01"", ""job_id"": ""f3e248a2-9d84-4d9d-9702-e4e47ec39dea"", ""username"": ""yungryce"", ""repo_name"": ""AirBnB_clone_v4"", ""fingerprint"": ""26f0730bf60169cc7a19bf447e2363ea"", ""queued_at"": ""2025-12-10T17:33:29.830321+00:00""}"
"{""schema_version"": ""2025-12-01"", ""job_id"": ""f3e248a2-9d84-4d9d-9702-e4e47ec39dea"", ""username"": ""yungryce"", ""repo_name"": ""alx-backend"", ""fingerprint"": ""edb0bc4b74897a1e77ea05cb039d4d3b"", ""queued_at"": ""2025-12-10T17:33:29.859442+00:00""}"
"{""schema_version"": ""2025-12-01"", ""job_id"": ""f3e248a2-9d84-4d9d-9702-e4e47ec39dea"", ""username"": ""yungryce"", ""repo_name"": ""alx-backend-javascript"", ""fingerprint"": ""c8b0894a983d4d5ecb2a293446d39a59"", ""queued_at"": ""2025-12-10T17:33:29.924628+00:00""}"
"{""schema_version"": ""2025-12-01"", ""job_id"": ""f3e248a2-9d84-4d9d-9702-e4e47ec39dea"", ""username"": ""yungryce"", ""repo_name"": ""alx-backend-python"", ""fingerprint"": ""23079998c8cb69f3bda435930069018d"", ""queued_at"": ""2025-12-10T17:33:29.960744+00:00""}"
"{""schema_version"": ""2025-12-01"", ""job_id"": ""f3e248a2-9d84-4d9d-9702-e4e47ec39dea"", ""username"": ""yungryce"", ""repo_name"": ""alx-backend-storage"", ""fingerprint"": ""88c0ebfaf9b63555d578e8ec1d04cc87"", ""queued_at"": ""2025-12-10T17:33:30.049862+00:00""}"
"{""schema_version"": ""2025-12-01"", ""job_id"": ""f3e248a2-9d84-4d9d-9702-e4e47ec39dea"", ""username"": ""yungryce"", ""repo_name"": ""alx-backend-user-data"", ""fingerprint"": ""d9db1010b49d467859f389c725c27870"", ""queued_at"": ""2025-12-10T17:33:30.105949+00:00""}"
"{""schema_version"": ""2025-12-01"", ""job_id"": ""f3e248a2-9d84-4d9d-9702-e4e47ec39dea"", ""username"": ""yungryce"", ""repo_name"": ""alx-files_manager"", ""fingerprint"": ""88fe5e8b832871249c303ecd294ce45d"", ""queued_at"": ""2025-12-10T17:33:30.136797+00:00""}"
"{""schema_version"": ""2025-12-01"", ""job_id"": ""f3e248a2-9d84-4d9d-9702-e4e47ec39dea"", ""username"": ""yungryce"", ""repo_name"": ""alx-higher_level_programming"", ""fingerprint"": ""09e4baa00e2b87651417206ec050e497"", ""queued_at"": ""2025-12-10T17:33:30.186060+00:00""}"
"{""schema_version"": ""2025-12-01"", ""job_id"": ""f3e248a2-9d84-4d9d-9702-e4e47ec39dea"", ""username"": ""yungryce"", ""repo_name"": ""alx-interview"", ""fingerprint"": ""7281d835892734e32c6d8d8416ead0f4"", ""queued_at"": ""2025-12-10T17:33:30.215012+00:00""}"
"{""schema_version"": ""2025-12-01"", ""job_id"": ""f3e248a2-9d84-4d9d-9702-e4e47ec39dea"", ""username"": ""yungryce"", ""repo_name"": ""alx-low_level_programming"", ""fingerprint"": ""7f93a9af773c680a2f7d5d7e150c1891"", ""queued_at"": ""2025-12-10T17:33:30.258375+00:00""}"
"{""schema_version"": ""2025-12-01"", ""job_id"": ""f3e248a2-9d84-4d9d-9702-e4e47ec39dea"", ""username"": ""yungryce"", ""repo_name"": ""alx-system_engineering-devops"", ""fingerprint"": ""04f3c84357d39264294bd30ff24f4b4b"", ""queued_at"": ""2025-12-10T17:33:30.294268+00:00""}"
"{""schema_version"": ""2025-12-01"", ""job_id"": ""f3e248a2-9d84-4d9d-9702-e4e47ec39dea"", ""username"": ""yungryce"", ""repo_name"": ""alx-zero_day"", ""fingerprint"": ""1b6614eb6d5491cf041a1aee33baf9f6"", ""queued_at"": ""2025-12-10T17:33:30.330263+00:00""}"
"{""schema_version"": ""2025-12-01"", ""job_id"": ""f3e248a2-9d84-4d9d-9702-e4e47ec39dea"", ""username"": ""yungryce"", ""repo_name"": ""authentication-FA"", ""fingerprint"": ""00be255eb30ace576732c6d13da7525d"", ""queued_at"": ""2025-12-10T17:33:30.371103+00:00""}"
"{""schema_version"": ""2025-12-01"", ""job_id"": ""f3e248a2-9d84-4d9d-9702-e4e47ec39dea"", ""username"": ""yungryce"", ""repo_name"": ""azure_vmss_cluster"", ""fingerprint"": ""556934fc07fa1e9e58f69e961616fc54"", ""queued_at"": ""2025-12-10T17:33:30.451682+00:00""}"
"{""schema_version"": ""2025-12-01"", ""job_id"": ""f3e248a2-9d84-4d9d-9702-e4e47ec39dea"", ""username"": ""yungryce"", ""repo_name"": ""backend_assesment"", ""fingerprint"": ""19be08417db7d37d2e7134bb11c506d2"", ""queued_at"": ""2025-12-10T17:33:30.489684+00:00""}"
"{""schema_version"": ""2025-12-01"", ""job_id"": ""f3e248a2-9d84-4d9d-9702-e4e47ec39dea"", ""username"": ""yungryce"", ""repo_name"": ""binary_trees"", ""fingerprint"": ""db778c836af1f82b67873968901fd2ce"", ""queued_at"": ""2025-12-10T17:33:30.602238+00:00""}"
"{""schema_version"": ""2025-12-01"", ""job_id"": ""f3e248a2-9d84-4d9d-9702-e4e47ec39dea"", ""username"": ""yungryce"", ""repo_name"": ""Bincom-Assessment"", ""fingerprint"": ""70c2948502a0c05522c210cc68e55652"", ""queued_at"": ""2025-12-10T17:33:30.706038+00:00""}"
"{""schema_version"": ""2025-12-01"", ""job_id"": ""f3e248a2-9d84-4d9d-9702-e4e47ec39dea"", ""username"": ""yungryce"", ""repo_name"": ""cloudfolio"", ""fingerprint"": ""4f8d8b82c53c1a37e2d11dd80178d3b9"", ""queued_at"": ""2025-12-10T17:33:30.898838+00:00""}"
"{""schema_version"": ""2025-12-01"", ""job_id"": ""f3e248a2-9d84-4d9d-9702-e4e47ec39dea"", ""username"": ""yungryce"", ""repo_name"": ""collabHub"", ""fingerprint"": ""7981b40182dd5486b7b2c819d5f90c22"", ""queued_at"": ""2025-12-10T17:33:30.938048+00:00""}"
"{""schema_version"": ""2025-12-01"", ""job_id"": ""f3e248a2-9d84-4d9d-9702-e4e47ec39dea"", ""username"": ""yungryce"", ""repo_name"": ""collabHub-Laravel"", ""fingerprint"": ""a5af8d63f810258bc45e525d5d6d7a87"", ""queued_at"": ""2025-12-10T17:33:31.005541+00:00""}"
"{""schema_version"": ""2025-12-01"", ""job_id"": ""f3e248a2-9d84-4d9d-9702-e4e47ec39dea"", ""username"": ""yungryce"", ""repo_name"": ""Email_FA"", ""fingerprint"": ""9486e1205b11acfb01523d4d02727195"", ""queued_at"": ""2025-12-10T17:33:31.092639+00:00""}"
"{""schema_version"": ""2025-12-01"", ""job_id"": ""f3e248a2-9d84-4d9d-9702-e4e47ec39dea"", ""username"": ""yungryce"", ""repo_name"": ""Fix_My_Code_Challenge"", ""fingerprint"": ""b6dd01158948dd8028b861ea45505e4c"", ""queued_at"": ""2025-12-10T17:33:31.352051+00:00""}"
"{""schema_version"": ""2025-12-01"", ""job_id"": ""f3e248a2-9d84-4d9d-9702-e4e47ec39dea"", ""username"": ""yungryce"", ""repo_name"": ""Frontend_Apps"", ""fingerprint"": ""c8c5e871f37b8a54698d8f6262d18001"", ""queued_at"": ""2025-12-10T17:33:31.706608+00:00""}"
"{""schema_version"": ""2025-12-01"", ""job_id"": ""f3e248a2-9d84-4d9d-9702-e4e47ec39dea"", ""username"": ""yungryce"", ""repo_name"": ""imageProcessor-FA"", ""fingerprint"": ""6c216edf268ec18fb4238eda89511ab0"", ""queued_at"": ""2025-12-10T17:33:31.853104+00:00""}"
"{""schema_version"": ""2025-12-01"", ""job_id"": ""f3e248a2-9d84-4d9d-9702-e4e47ec39dea"", ""username"": ""yungryce"", ""repo_name"": ""monty"", ""fingerprint"": ""f5932f8f12885b474ad737f410845987"", ""queued_at"": ""2025-12-10T17:33:31.904612+00:00""}"
"{""schema_version"": ""2025-12-01"", ""job_id"": ""f3e248a2-9d84-4d9d-9702-e4e47ec39dea"", ""username"": ""yungryce"", ""repo_name"": ""porfolio-php"", ""fingerprint"": ""3e089be31cd344ada973cfd87ac14e37"", ""queued_at"": ""2025-12-10T17:33:32.124946+00:00""}"
"{""schema_version"": ""2025-12-01"", ""job_id"": ""f3e248a2-9d84-4d9d-9702-e4e47ec39dea"", ""username"": ""yungryce"", ""repo_name"": ""portfolio"", ""fingerprint"": ""1406ae57133bcffbcbef172840b35d21"", ""queued_at"": ""2025-12-10T17:33:32.182421+00:00""}"
"{""schema_version"": ""2025-12-01"", ""job_id"": ""f3e248a2-9d84-4d9d-9702-e4e47ec39dea"", ""username"": ""yungryce"", ""repo_name"": ""portfolio-api"", ""fingerprint"": ""646b54687b4be47949f3b531bd95ca88"", ""queued_at"": ""2025-12-10T17:33:32.222121+00:00""}"
"{""schema_version"": ""2025-12-01"", ""job_id"": ""f3e248a2-9d84-4d9d-9702-e4e47ec39dea"", ""username"": ""yungryce"", ""repo_name"": ""portfolio-old"", ""fingerprint"": ""b41136838371215c16733e8ffa0fa06d"", ""queued_at"": ""2025-12-10T17:33:32.288706+00:00""}"
